vid,name,authority,field_authority_link,lat,long,field_geo_alt_name
city,Aberystwyth,geonames,http://sws.geonames.org/7292321,52.41227,-4.07708,
city,Acton,geonames,http://sws.geonames.org/5882134,43.62969,-80.04149,
city,Adelaide Metcalfe,geonames,http://sws.geonames.org/5882340,42.91679,-81.73308,
city,Adjala-Tosorontio,geonames,http://sws.geonames.org/5882367,44.13231,-79.93216,
city,Akron,geonames,http://sws.geonames.org/5145476,41.08144,-81.51901,
city,Akwesasne,geonames,http://sws.geonames.org/5883016,45.003,-74.7295,Akwesasne
city,Albany,geonames,http://sws.geonames.org/5106834,42.65258,-73.75623,
city,Alfred and Plantagenet,geonames,http://sws.geonames.org/5883593,45.5407,-74.98259,
city,Alnwick/Haldimand,geonames,http://sws.geonames.org/5884136,44.11682,-78.04951,
city,Altenburg,geonames,http://sws.geonames.org/2957773,50.98763,12.43684,
city,Amaranth,geonames,http://sws.geonames.org/5884341,43.9668,-80.24968,
city,Ameliasburgh,geonames,http://sws.geonames.org/5884396,44.01682,-77.41617,
city,Amsterdam,geonames,http://sws.geonames.org/2759794,52.37403,4.88969,
city,Andover,geonames,http://sws.geonames.org/4929055,42.65843,-71.137,
city,Arbakka,geonames,http://sws.geonames.org/5886552,49.05387,-96.47811,
city,Arborfield,geonames,http://sws.geonames.org/5886559,53.10006,-103.65092,
city,Arnhem,geonames,http://sws.geonames.org/2759661,51.98,5.91111,
city,Ashfield-Colborne-Wawanosh,geonames,http://sws.geonames.org/5887554,43.95009,-81.59977,
city,Astoria,geonames,http://sws.geonames.org/5711847,46.18788,-123.83125,
city,Athens,geonames,http://sws.geonames.org/5887943,44.61681,-75.94936,
city,Atlanta,geonames,http://sws.geonames.org/4180439,33.749,-84.38798,
city,Aurora,geonames,http://sws.geonames.org/5888377,44.00011,-79.46632,
city,Austin,geonames,http://sws.geonames.org/5888406,49.95033,-98.93688,
city,Avignon,geonames,http://sws.geonames.org/6455379,43.94861,4.80833,
city,Aweme,geonames,http://sws.geonames.org/5888604,49.70863,-99.60363,
city,Ayton,geonames,http://sws.geonames.org/5888745,44.05009,-80.91643,
city,Baltimore,geonames,http://sws.geonames.org/4347778,39.29038,-76.61219,
city,Bancroft,geonames,http://sws.geonames.org/5892509,45.05013,-77.8495,
city,Barrie,geonames,http://sws.geonames.org/5894171,44.40011,-79.66634,
city,Beauceville,geonames,http://sws.geonames.org/8672937,46.23578,-70.76843,
city,Beausejour,geonames,http://sws.geonames.org/5896549,50.0622,-96.51669,
city,Beaverlodge,geonames,http://sws.geonames.org/11807253,55.20915,-119.42273,
city,Beijing,geonames,http://sws.geonames.org/11876380,39.89056,116.41549,
city,Belfast,geonames,http://sws.geonames.org/2655984,54.59682,-5.92541,
city,Belleterre,geonames,http://sws.geonames.org/8673785,47.3695,-78.73787,
city,Belleville,geonames,http://sws.geonames.org/5897884,44.16682,-77.38277,
city,Belmont,geonames,http://sws.geonames.org/5898126,49.40942,-99.45722,
city,Bennington,geonames,http://sws.geonames.org/5233748,43.03546,-73.09295,
city,Berkeley,geonames,http://sws.geonames.org/5327684,37.87159,-122.27275,
city,Berlin,geonames,http://sws.geonames.org/2950159,52.52437,13.41053,
city,Big Beaver,geonames,http://sws.geonames.org/5899554,49.10005,-105.16778,
city,Blenheim,geonames,http://sws.geonames.org/5903742,42.33339,-81.99978,
city,Blueberry Mountain,geonames,http://sws.geonames.org/5904203,55.93325,-119.1528,
city,Blueberry River Indian Reserve 205,geonames,http://sws.geonames.org/5904212,56.71653,-121.10295,
city,Bluewater,geonames,http://sws.geonames.org/5904501,43.46679,-81.59977,
city,Bobcaygeon,geonames,http://sws.geonames.org/8125787,44.5462,-78.54203,
city,Bolton,geonames,http://sws.geonames.org/5905308,43.87952,-79.73791,
city,Born,geonames,http://sws.geonames.org/2946180,51.24472,6.20845,
city,Boston,geonames,http://sws.geonames.org/4930956,42.35843,-71.05977,
city,Bowmanville,geonames,http://sws.geonames.org/5906831,43.91682,-78.68286,
city,Brampton,geonames,http://sws.geonames.org/5907364,43.68341,-79.76633,
city,Branch,geonames,http://sws.geonames.org/5907368,46.8832,-53.94814,
city,Brantford,geonames,http://sws.geonames.org/5907990,43.1334,-80.26636,
city,Brighton,geonames,http://sws.geonames.org/5908835,44.03342,-77.73279,
city,Brisbane,geonames,http://sws.geonames.org/2174003,-27.46794,153.02809,
city,Bristol,geonames,http://sws.geonames.org/2654675,51.45523,-2.59665,
city,Brock,geonames,http://sws.geonames.org/5909253,44.28342,-79.09959,
city,Brockton,geonames,http://sws.geonames.org/5909290,44.16679,-81.24974,
city,Brockville,geonames,http://sws.geonames.org/5909294,44.59132,-75.68705,
city,Brooke-Alvinston,geonames,http://sws.geonames.org/5909453,42.83338,-81.9165,
city,Bruges,geonames,http://sws.geonames.org/2800931,51.20892,3.22424,
city,Bruxelles,geonames,http://sws.geonames.org/5910338,49.48751,-98.91939,
city,Buckingham,geonames,http://sws.geonames.org/6942645,45.58563,-75.4208,
city,Budapest,geonames,http://sws.geonames.org/3054638,47.5,19.08333,
city,Burlington,geonames,http://sws.geonames.org/5911592,43.38621,-79.83713,
city,Byng Inlet,geonames,http://sws.geonames.org/5912876,45.76594,-80.55266,
city,Cache Bay,geonames,http://sws.geonames.org/5913035,46.36679,-79.98297,
city,Caledon,geonames,http://sws.geonames.org/5913414,43.86544,-79.99322,
city,Caledonia,geonames,http://sws.geonames.org/5913424,43.06738,-79.95472,
city,Caloocan,geonames,http://sws.geonames.org/1720151,14.64953,120.96788,Caloocan City
city,Cambridge,geonames,http://sws.geonames.org/5913695,43.3601,-80.31269,
city,Cambridge,geonames,http://sws.geonames.org/2653941,52.2,0.11667,
city,Camden East,geonames,http://sws.geonames.org/5913716,44.33342,-76.83273,
city,Campbellford,geonames,http://sws.geonames.org/5914033,44.30842,-77.79949,
city,Cannington,geonames,http://sws.geonames.org/5914938,44.35012,-79.03288,
city,Cape Breton Highlands National Park of Canada,geonames,http://sws.geonames.org/5915568,46.74184,-60.64017,
city,Capreol,geonames,http://sws.geonames.org/5916567,46.70626,-80.92109,
city,Carleton Place,geonames,http://sws.geonames.org/5917158,45.13341,-76.14938,
city,Cartier,geonames,http://sws.geonames.org/5917771,46.7,-81.54978,
city,Castle Eden,geonames,http://sws.geonames.org/7294665,54.73973,-1.34304,
city,Cavan Monaghan,geonames,http://sws.geonames.org/5918553,44.16682,-78.44954,
city,Cavan Monaghan,geonames,http://sws.geonames.org/5918553,44.16682,-78.44954,
city,Central Elgin,geonames,http://sws.geonames.org/5919096,42.76679,-81.13303,
city,Changshu City,geonames,http://sws.geonames.org/7283386,31.64615,120.74221,Changshu City
city,Charlottetown,geonames,http://sws.geonames.org/5920288,46.23459,-63.1256,
city,Chateau Richer,geonames,http://sws.geonames.org/8673881,47.06066,-71.09316,
city,Chatham-Kent,geonames,http://sws.geonames.org/5920450,42.40009,-82.1831,
city,Chatsworth,geonames,http://sws.geonames.org/5920471,44.38339,-80.87472,
city,Cheltenham,geonames,http://sws.geonames.org/5920662,43.75213,-79.92124,
city,Chengdu,geonames,http://sws.geonames.org/1815286,30.66667,104.06667,
city,Cherry Point,geonames,http://sws.geonames.org/5920973,56.18321,-119.95287,
city,Chicago,geonames,http://sws.geonames.org/4887398,41.85003,-87.65005,
city,Chicoutimi,geonames,http://sws.geonames.org/5921225,48.41963,-71.06369,
city,Churchill,geonames,http://sws.geonames.org/5922111,58.76811,-94.16674,
city,Cincinnati,geonames,http://sws.geonames.org/4508722,39.12711,-84.51439,
city,City of New York,geonames,http://sws.geonames.org/5128581,40.71427,-74.00597,New York City
city,City of New York,geonames,http://sws.geonames.org/5128581,40.71427,-74.00597,
city,Clacton-on-Sea,geonames,http://sws.geonames.org/2652974,51.78967,1.15597,
city,Clarence-Rockland,geonames,http://sws.geonames.org/5923101,45.5501,-75.29101,
city,Clarenville-Shoal Harbour,geonames,http://sws.geonames.org/5923119,48.1805,-53.96982,
city,Clarington,geonames,http://sws.geonames.org/12022552,43.935,-78.6083,
city,Clearview Township,geonames,http://sws.geonames.org/5923659,44.3982,-80.07407,
city,Cobalt,geonames,http://sws.geonames.org/5924511,47.40016,-79.68298,
city,Cochrane District,geonames,http://sws.geonames.org/5924616,50.00022,-82.99979,
city,Colborne,geonames,http://sws.geonames.org/5924963,44.00012,-77.8828,
city,Collingwood,geonames,http://sws.geonames.org/5925975,44.4834,-80.21638,
city,Cologne,geonames,http://sws.geonames.org/2886242,50.93333,6.95,
city,Cooks Creek,geonames,http://sws.geonames.org/5927221,50.0169,-96.77421,
city,Cooksville,geonames,http://sws.geonames.org/5927279,43.57877,-79.62487,Mississauga
city,Copenhagen,geonames,http://sws.geonames.org/2618425,55.67594,12.56553,
city,Cornwall,geonames,http://sws.geonames.org/5928065,45.01809,-74.72815,
city,Cramahe,geonames,http://sws.geonames.org/5931581,44.08342,-77.8828,
city,Croydon,geonames,http://sws.geonames.org/3333140,51.37664,-0.10574,
city,Crystal City,geonames,http://sws.geonames.org/5933629,49.14641,-98.94971,
city,Da Nang,geonames,http://sws.geonames.org/1583992,16.06778,108.22083,
city,Darlingford,geonames,http://sws.geonames.org/5935212,49.2039,-98.37888,
city,Dawson Creek,geonames,http://sws.geonames.org/12031932,55.75522,-120.22621,
city,Dayton,geonames,http://sws.geonames.org/4509884,39.75895,-84.19161,
city,Deep River,geonames,http://sws.geonames.org/5937073,46.10012,-77.49949,
city,Delhi,geonames,http://sws.geonames.org/5937522,42.8501,-80.49968,
city,Deseronto,geonames,http://sws.geonames.org/5938187,44.20012,-77.04944,
city,Douro-Dummer,geonames,http://sws.geonames.org/5942214,44.45012,-78.11622,
city,Dresden,geonames,http://sws.geonames.org/2935022,51.05089,13.73832,
city,Drummond/North Elmsley,geonames,http://sws.geonames.org/5942838,44.95701,-76.21048,
city,Dublin,geonames,http://sws.geonames.org/2964574,53.33306,-6.24889,
city,Duluth,geonames,http://sws.geonames.org/5024719,46.78327,-92.10658,
city,Duncan,geonames,http://sws.geonames.org/12031953,48.7794,-123.70215,
city,Dundalk,geonames,http://sws.geonames.org/5943968,44.16792,-80.39357,
city,Dundas,geonames,http://sws.geonames.org/6948482,43.26377,-79.95237,
city,Dunnville,geonames,http://sws.geonames.org/5944222,42.90011,-79.61631,
city,Durham,geonames,http://sws.geonames.org/4464368,35.99403,-78.89862,
city,Durham,geonames,http://sws.geonames.org/5944368,44.16679,-80.81642,
city,Eagle River,geonames,http://sws.geonames.org/5251171,45.91718,-89.2443,
city,East Gwillimbury,geonames,http://sws.geonames.org/5945707,44.10087,-79.43785,
city,East York,geonames,http://sws.geonames.org/5946235,43.70388,-79.34044,
city,Eastbourne,geonames,http://sws.geonames.org/2650497,50.76871,0.28453,
city,Eastern,geonames,http://sws.geonames.org/7533608,22.27722,114.22519,
city,Eastern,geonames,http://sws.geonames.org/7533608,22.27722,114.22519,
city,Ebetsu,geonames,http://sws.geonames.org/2130404,43.10806,141.55056,
city,Edgeworthstown,geonames,http://sws.geonames.org/2964434,53.7,-7.61667,
city,Edinburgh,geonames,http://sws.geonames.org/3333229,55.94973,-3.19333,
city,Edmonton,geonames,http://sws.geonames.org/5946768,53.55014,-113.46871,
city,Elgin,geonames,http://sws.geonames.org/5947588,49.44391,-100.27009,
city,Elizabethtown-Kitley,geonames,http://sws.geonames.org/5947679,44.66681,-75.83265,
city,Elk Lake,geonames,http://sws.geonames.org/5947731,47.73003,-80.33083,
city,Elma,geonames,http://sws.geonames.org/5947998,49.87499,-95.90864,
city,Elora,geonames,http://sws.geonames.org/5948111,43.6834,-80.43299,
city,Elsas,geonames,http://sws.geonames.org/5948132,48.51681,-82.89977,
city,Encino,geonames,http://sws.geonames.org/5346649,34.15917,-118.50119,
city,Enniskillen,geonames,http://sws.geonames.org/5948976,42.85008,-82.11651,
city,Espanola,geonames,http://sws.geonames.org/5949493,46.25837,-81.76649,
city,Essa,geonames,http://sws.geonames.org/5949522,44.25011,-79.78295,
city,Essex,geonames,http://sws.geonames.org/5949531,42.17509,-82.82483,
city,Ethelbert,geonames,http://sws.geonames.org/5950217,51.5292,-100.49397,
city,Etobicoke,geonames,http://sws.geonames.org/5950267,43.65421,-79.56711,
city,Etomami,geonames,http://sws.geonames.org/5950272,52.73333,-102.31765,
city,Evanston,geonames,http://sws.geonames.org/4891382,42.04114,-87.69006,
city,Evreux,geonames,http://sws.geonames.org/3019265,49.02414,1.15082,
city,Exeter,geonames,http://sws.geonames.org/5950674,43.34353,-81.47933,
city,Expanse,geonames,http://sws.geonames.org/5950694,49.98336,-105.85058,
city,Falcon Lake,geonames,http://sws.geonames.org/11523813,49.68485,-95.33069,
city,Fanyu,geonames,http://sws.geonames.org/9124088,36.7929,118.672,
city,Farnham Common,geonames,http://sws.geonames.org/7287967,51.55476,-0.61544,
city,Fergus,geonames,http://sws.geonames.org/7871320,43.70604,-80.37761,
city,Fire River,geonames,http://sws.geonames.org/5953019,48.76683,-83.59979,
city,Fitchburg,geonames,http://sws.geonames.org/4936812,42.58342,-71.8023,
city,Foleyet,geonames,http://sws.geonames.org/5955176,48.24194,-82.44733,
city,Fort Erie,geonames,http://sws.geonames.org/5955815,42.90012,-78.93286,
city,Fort St. John,geonames,http://sws.geonames.org/12032010,56.24448,-120.83658,
city,Fort-Coulonge,geonames,http://sws.geonames.org/8672908,45.84011,-76.73701,
city,Fredericton,geonames,http://sws.geonames.org/5957776,45.94541,-66.66558,
city,Front of Yonge,geonames,http://sws.geonames.org/5958528,44.50011,-75.83265,
city,Fumal,geonames,http://sws.geonames.org/2797897,50.58672,5.18314,
city,Garden City,geonames,http://sws.geonames.org/5118226,40.72677,-73.6343,
city,Georgian Bluffs,geonames,http://sws.geonames.org/5960556,44.61679,-81.03303,
city,Georgian Highlands,geonames,http://sws.geonames.org/5960558,44.7673,-80.12888,
city,Georgina,geonames,http://sws.geonames.org/5960574,44.25011,-79.31631,
city,Gerrards Cross,geonames,http://sws.geonames.org/6620444,51.5861,-0.55543,
city,Gladstone,geonames,http://sws.geonames.org/5961655,50.22583,-98.95078,
city,Glasgow,geonames,http://sws.geonames.org/2648579,55.86515,-4.25763,
city,Goderich,geonames,http://sws.geonames.org/5962442,43.74171,-81.71339,
city,Gogama,geonames,http://sws.geonames.org/5962520,47.67521,-81.72232,
city,Gore Bay,geonames,http://sws.geonames.org/5963553,45.91271,-82.46166,
city,Goudreau,geonames,http://sws.geonames.org/5963753,48.26677,-84.53311,
city,Goulbourn,geonames,http://sws.geonames.org/5963788,45.1668,-75.93267,
city,Grand Valley,geonames,http://sws.geonames.org/5945843,43.9168,-80.33298,
city,Grantham,geonames,http://sws.geonames.org/2648208,52.91149,-0.64184,
city,Gravelbourg,geonames,http://sws.geonames.org/5965462,49.88336,-106.55122,
city,Gravenhurst,geonames,http://sws.geonames.org/5965546,44.91681,-79.36633,
city,Gretna,geonames,http://sws.geonames.org/5966874,49.00779,-97.56241,
city,Grey Highlands,geonames,http://sws.geonames.org/5966943,44.3168,-80.483,
city,Grimshaw,geonames,http://sws.geonames.org/11807298,56.19052,-117.60961,
city,Guangzhou,geonames,http://sws.geonames.org/1809858,23.11667,113.25,
city,Hagen,geonames,http://sws.geonames.org/2912621,51.36081,7.47168,
city,Haileybury,geonames,http://sws.geonames.org/5968992,47.44904,-79.63732,
city,Haldimand,geonames,http://sws.geonames.org/5969093,42.98341,-79.86633,
city,Haliburton,geonames,http://sws.geonames.org/6942554,45.04587,-78.50761,
city,Halifax,geonames,http://sws.geonames.org/6324729,44.6464,-63.57291,
city,Hamilton,geonames,http://sws.geonames.org/5969784,43.25521,-79.93103,
city,Hancock,geonames,http://sws.geonames.org/4995201,47.12687,-88.58096,
city,Hangzhou,geonames,http://sws.geonames.org/1808926,30.29365,120.16142,
city,Hanover,geonames,http://sws.geonames.org/5970301,44.15009,-81.03303,
city,Harrow,geonames,http://sws.geonames.org/5971462,42.03339,-82.91654,
city,Hartford,geonames,http://sws.geonames.org/4835797,41.76371,-72.68509,
city,Hartlepool,geonames,http://sws.geonames.org/3333152,54.66667,-1.25,
city,Hawkesbury,geonames,http://sws.geonames.org/5972360,45.60009,-74.61595,
city,Hearst,geonames,http://sws.geonames.org/5973108,49.68351,-83.66654,
city,Helsinki,geonames,http://sws.geonames.org/658225,60.16952,24.93545,
city,Hines Creek,geonames,http://sws.geonames.org/11807437,56.24738,-118.61195,
city,Ho Chi Minh City,geonames,http://sws.geonames.org/1566083,10.82302,106.62965,
city,Holland,geonames,http://sws.geonames.org/5976116,49.59751,-98.88017,
city,Hong Kong,geonames,http://sws.geonames.org/1819729,22.27832,114.17469,
city,Honing,geonames,http://sws.geonames.org/7298997,52.80544,1.45294,
city,Honolulu,geonames,http://sws.geonames.org/5856195,21.30694,-157.85833,
city,Horndean,geonames,http://sws.geonames.org/5977018,49.19249,-97.65632,
city,Horsted Keynes,geonames,http://sws.geonames.org/2646550,51.03659,-0.02798,
city,Howick,geonames,http://sws.geonames.org/5977940,43.88339,-81.08304,
city,Hudson's Hope,geonames,http://sws.geonames.org/12032011,56.02363,-122.00684,
city,Hue,geonames,http://sws.geonames.org/1580240,16.4619,107.59546,
city,Huntingdon,geonames,http://sws.geonames.org/5194590,40.4848,-78.01028,
city,Huntsville,geonames,http://sws.geonames.org/5978765,45.33341,-79.21632,
city,Huron-Kinloss,geonames,http://sws.geonames.org/5978839,44.03339,-81.51646,
city,Indian Head,geonames,http://sws.geonames.org/5982839,50.53336,-103.66775,
city,Indianapolis,geonames,http://sws.geonames.org/4259418,39.76838,-86.15804,
city,Ingersoll,geonames,http://sws.geonames.org/5983175,43.03339,-80.88302,
city,Innsbruck,geonames,http://sws.geonames.org/2775220,47.26266,11.39454,
city,Invermere,geonames,http://sws.geonames.org/12031856,50.49988,-116.03576,
city,Iroquois,geonames,http://sws.geonames.org/5983993,44.8501,-75.31602,
city,Iroquois Falls,geonames,http://sws.geonames.org/5984000,48.76688,-80.68307,
city,Jamaica,geonames,http://sws.geonames.org/5122520,40.69149,-73.80569,
city,Jellicoe,geonames,http://sws.geonames.org/5986156,49.68342,-87.51669,
city,Jena,geonames,http://sws.geonames.org/2895044,50.92878,11.5899,
city,Jiangning Qu,geonames,http://sws.geonames.org/1806288,31.95549,118.84395,
city,Joliette,geonames,http://sws.geonames.org/5987650,46.0164,-73.4236,
city,Kaministiquia,geonames,http://sws.geonames.org/5989022,48.5334,-89.56684,
city,Kamloops,geonames,http://sws.geonames.org/5989045,50.66648,-120.3192,
city,Kapuskasing,geonames,http://sws.geonames.org/5989403,49.41694,-82.43308,
city,Katrime,geonames,http://sws.geonames.org/5989718,50.08173,-98.79017,
city,Kawartha Lakes,geonames,http://sws.geonames.org/5989818,44.58342,-78.83288,
city,Kemnay,geonames,http://sws.geonames.org/5990689,49.84171,-100.13508,
city,Kettle Point Indian Reserve 44,geonames,http://sws.geonames.org/5991471,43.19588,-82.0081,
city,Kincardine,geonames,http://sws.geonames.org/5992145,44.23339,-81.48306,
city,King,geonames,http://sws.geonames.org/5992181,43.96681,-79.58292,
city,Kingston,geonames,http://sws.geonames.org/5992500,44.22976,-76.48098,
city,Kingsville,geonames,http://sws.geonames.org/5992525,42.03759,-82.73872,
city,Kirkland Lake,geonames,http://sws.geonames.org/5992836,48.14461,-80.03767,
city,Kyaiklat,geonames,http://sws.geonames.org/11154126,16.51306,95.63923,Kyaiklatt
city,L'Ascension,geonames,http://sws.geonames.org/6050214,46.5501,-74.83255,
city,L'Orignal,geonames,http://sws.geonames.org/8556299,45.6198,-74.6915,
city,La Nation,geonames,http://sws.geonames.org/6049135,45.4168,-74.96599,La Nation
city,La Tuque,geonames,http://sws.geonames.org/8673864,48.06384,-74.05047,
city,Lac Ste. Anne,geonames,http://sws.geonames.org/6043470,53.68344,-114.43539,
city,Lachute,geonames,http://sws.geonames.org/8674054,45.66731,-74.29541,
city,Ladywood,geonames,http://sws.geonames.org/6047824,50.1794,-96.49699,
city,Lafontaine,geonames,http://sws.geonames.org/6047874,44.7501,-80.06638,
city,Lanark,geonames,http://sws.geonames.org/6049128,45.01722,-76.36333,
city,Lanark Highlands,geonames,http://sws.geonames.org/6049131,45.07114,-76.48321,
city,Larkhill,geonames,http://sws.geonames.org/2644852,51.2,-1.81667,
city,LaSalle,geonames,http://sws.geonames.org/6050177,42.21679,-83.04985,
city,Latchford,geonames,http://sws.geonames.org/6050330,47.33346,-79.8164,
city,Lausanne,geonames,http://sws.geonames.org/2659994,46.516,6.63282,
city,Lavinia,geonames,http://sws.geonames.org/6050729,50.27441,-100.66899,
city,Lawrenceburg,geonames,http://sws.geonames.org/4635849,35.2423,-87.33474,
city,Leamington,geonames,http://sws.geonames.org/6051122,42.05009,-82.59981,
city,Leiden,geonames,http://sws.geonames.org/2751773,52.15833,4.49306,
city,Leipzig,geonames,http://sws.geonames.org/2879139,51.33962,12.37129,
city,Lévis,geonames,http://sws.geonames.org/6325521,46.80326,-71.17793,
city,Lhasa,geonames,http://sws.geonames.org/1280737,29.65,91.1,
city,Libau,geonames,http://sws.geonames.org/6053520,50.26891,-96.71981,
city,Lil'wat First Nation,geonames,http://sws.geonames.org/6080422,50.31912,-122.72211,Mount Currie Indian Reserve
city,Lille,geonames,http://sws.geonames.org/2998324,50.63297,3.05858,
city,Lincoln,geonames,http://sws.geonames.org/6054260,43.16681,-79.48291,
city,Lindsay,geonames,http://sws.geonames.org/6054350,44.35012,-78.73286,
city,Lisbon,geonames,http://sws.geonames.org/2267057,38.71667,-9.13333,Lisboa
city,Liverpool,geonames,http://sws.geonames.org/2644210,53.41058,-2.97794,
city,Lockport,geonames,http://sws.geonames.org/6058291,50.0831,-96.94502,
city,London (Ont.),geonames,http://sws.geonames.org/6058560,42.98339,-81.23304,
city,London (U.K.),geonames,http://sws.geonames.org/2643743,51.50853,-0.12574,
city,Long Lake,geonames,http://sws.geonames.org/6059292,50.87282,-95.38192,
city,Longlac,geonames,http://sws.geonames.org/11152651,49.78169,-86.5348,
city,Los Angeles,geonames,http://sws.geonames.org/5368361,34.05223,-118.24368,
city,Louisbourg,geonames,http://sws.geonames.org/6060789,45.91684,-59.96513,
city,Louisville,geonames,http://sws.geonames.org/4299276,38.25424,-85.75941,
city,Loyalist,geonames,http://sws.geonames.org/6061718,44.23342,-76.76612,
city,Lyleton,geonames,http://sws.geonames.org/6062256,49.05784,-101.17867,
city,Lyon,geonames,http://sws.geonames.org/2996944,45.74846,4.84671,
city,M'Chigeeng Indian Reserve 22,geonames,http://sws.geonames.org/6069818,45.81677,-82.16652,M'Chigeeng
city,Macdonald,geonames,http://sws.geonames.org/6062676,49.66671,-97.50067,
city,MacGregor,geonames,http://sws.geonames.org/6062964,49.96613,-98.77937,
city,Madoc,geonames,http://sws.geonames.org/6063990,44.58342,-77.49948,
city,Madrid,geonames,http://sws.geonames.org/3117735,40.4165,-3.70256,
city,Mahaica Village,geonames,http://sws.geonames.org/3377267,6.68405,-57.92181,
city,Malahide,geonames,http://sws.geonames.org/6064695,42.78339,-80.96642,
city,Mandalay,geonames,http://sws.geonames.org/1311874,21.97473,96.08359,
city,Manila,geonames,http://sws.geonames.org/1701668,14.6042,120.9822,
city,Maniwaki,geonames,http://sws.geonames.org/6065262,46.38341,-75.96605,
city,Manor,geonames,http://sws.geonames.org/6065395,49.60003,-102.08424,
city,Maple,geonames,http://sws.geonames.org/6065566,43.85011,-79.51631,
city,Markham,geonames,http://sws.geonames.org/6066513,43.86682,-79.2663,
city,Marmora and Lake,geonames,http://sws.geonames.org/6066656,44.63342,-77.71619,
city,Matsushima,geonames,http://sws.geonames.org/2111964,38.37357,141.06105,
city,Mattawa,geonames,http://sws.geonames.org/6067959,46.31681,-78.69957,
city,Mawlamyinegyun,geonames,http://sws.geonames.org/11154034,16.34545,95.26686,
city,Maxville,geonames,http://sws.geonames.org/6068242,45.28808,-74.85533,
city,McLennan,geonames,http://sws.geonames.org/11807304,55.70809,-116.9023,
city,Melancthon,geonames,http://sws.geonames.org/6071824,44.1501,-80.28298,
city,Meleb,geonames,http://sws.geonames.org/6071868,50.72861,-97.21737,
city,Melita,geonames,http://sws.geonames.org/6071900,49.26811,-100.99669,
city,Merritt,geonames,http://sws.geonames.org/12031981,50.11285,-120.77526,
city,Miami,geonames,http://sws.geonames.org/6072606,49.3711,-98.24466,
city,Middlechurch,geonames,http://sws.geonames.org/6072931,49.9797,-97.06784,
city,Middlesex Centre,geonames,http://sws.geonames.org/6073257,43.01679,-81.41646,
city,Midland,geonames,http://sws.geonames.org/6073363,44.7501,-79.88296,
city,Milan,geonames,http://sws.geonames.org/3173435,45.46427,9.18951,
city,Mildmay,geonames,http://sws.geonames.org/6073561,44.043,-81.11889,
city,Mildway,geonames,http://sws.geonames.org/6073561,44.043,-81.11889,
city,Millbrook,geonames,http://sws.geonames.org/6073749,44.15012,-78.44954,
city,Miller Lake,geonames,http://sws.geonames.org/6073988,45.10149,-81.4422,
city,Milton,geonames,http://sws.geonames.org/6074377,43.51681,-79.88294,
city,Milwaukee,geonames,http://sws.geonames.org/5263045,43.0389,-87.90647,
city,Mink Creek,geonames,http://sws.geonames.org/6074759,51.4206,-100.48647,
city,Minto,geonames,http://sws.geonames.org/6075007,43.91679,-80.84972,
city,Miramichi,geonames,http://sws.geonames.org/6075081,47.02895,-65.50186,
city,Mississauga,geonames,http://sws.geonames.org/6075357,43.5789,-79.6583,
city,Mississippi Mills,geonames,http://sws.geonames.org/6075370,45.23341,-76.19939,
city,Mobile,geonames,http://sws.geonames.org/6075825,47.24989,-52.84805,
city,Mono,geonames,http://sws.geonames.org/6076359,44.01689,-80.06673,
city,Mont-Laurier,geonames,http://sws.geonames.org/6077128,46.55011,-75.4993,
city,Montreal,geonames,http://sws.geonames.org/6077243,45.50884,-73.58781,
city,Moore Park,geonames,http://sws.geonames.org/6077769,50.06643,-99.78025,
city,Moose Jaw,geonames,http://sws.geonames.org/6078112,50.40005,-105.53445,
city,Moose Mountain NO. 63,geonames,http://sws.geonames.org/6078251,49.66673,-102.16766,
city,Morris,geonames,http://sws.geonames.org/6078726,49.4,-97.45898,
city,Morrisburg,geonames,http://sws.geonames.org/6078737,44.9001,-75.18261,
city,Mountain Road,geonames,http://sws.geonames.org/6079649,50.44562,-99.65582,
city,Muskoka Lakes,geonames,http://sws.geonames.org/6084946,45.1668,-79.58294,
city,Nanjing,geonames,http://sws.geonames.org/1799962,32.06167,118.77778,
city,Napanee,geonames,http://sws.geonames.org/5965812,44.25012,-76.94944,
city,Napanee,geonames,http://sws.geonames.org/5965812,44.25012,-76.94944,
city,Nashville,geonames,http://sws.geonames.org/4644585,36.16589,-86.78444,
city,Nendeln,geonames,http://sws.geonames.org/3042052,47.19846,9.543,
city,Neuchatel,geonames,http://sws.geonames.org/2659496,46.99179,6.931,
city,New Haven,geonames,http://sws.geonames.org/4839366,41.30815,-72.92816,
city,New Liskeard,geonames,http://sws.geonames.org/6087661,47.50816,-79.67594,
city,New Tecumseth,geonames,http://sws.geonames.org/6087779,44.08857,-79.74426,
city,New Tecumseth,geonames,http://sws.geonames.org/6087779,44.08857,-79.74426,
city,Newburyport,geonames,http://sws.geonames.org/4945256,42.81259,-70.87728,
city,Newcastle upon Tyne,geonames,http://sws.geonames.org/2641673,54.97328,-1.61396,
city,Newmarket,geonames,http://sws.geonames.org/6087701,44.05011,-79.46631,
city,Newport,geonames,http://sws.geonames.org/5239068,44.93752,-72.20881,
city,Niagara Falls,geonames,http://sws.geonames.org/6087892,43.10012,-79.06627,
city,Niagara-on-the-Lake,geonames,http://sws.geonames.org/6087905,43.25012,-79.06627,
city,Ninette,geonames,http://sws.geonames.org/6088434,49.40002,-99.62943,
city,Nipigon,geonames,http://sws.geonames.org/6088487,49.00011,-88.33334,
city,Norfolk,geonames,http://sws.geonames.org/6089122,42.5834,-80.39967,
city,North Battleford,geonames,http://sws.geonames.org/6089404,52.77972,-108.2967,
city,North Bay,geonames,http://sws.geonames.org/6089426,46.3168,-79.46633,
city,North Dundas,geonames,http://sws.geonames.org/6089706,45.0668,-75.44933,
city,North Frontenac,geonames,http://sws.geonames.org/6090039,44.98342,-76.93272,
city,North York,geonames,http://sws.geonames.org/6091104,43.76681,-79.4163,
city,Norwich,geonames,http://sws.geonames.org/6091191,42.9834,-80.59969,
city,Nuthurst,geonames,http://sws.geonames.org/2641143,51.02261,-0.30058,
city,Oakbank,geonames,http://sws.geonames.org/6091910,49.9436,-96.84342,
city,Oil Springs,geonames,http://sws.geonames.org/6092857,42.78338,-82.11651,
city,Omemee,geonames,http://sws.geonames.org/7803723,44.29897,-78.55989,
city,Orangeville,geonames,http://sws.geonames.org/6094201,43.9168,-80.09967,
city,Orillia,geonames,http://sws.geonames.org/6094325,44.60868,-79.42068,
city,Oshawa,geonames,http://sws.geonames.org/6094578,43.90012,-78.84957,
city,Ottawa,geonames,http://sws.geonames.org/8581623,45.41858,-75.69717,
city,Owen Sound,geonames,http://sws.geonames.org/6095645,44.56717,-80.94349,
city,Oxford,geonames,http://sws.geonames.org/2640729,51.75222,-1.25596,
city,Palermo,geonames,http://sws.geonames.org/2523920,38.13205,13.33561,
city,Pamour,geonames,http://sws.geonames.org/6096476,48.51687,-81.1165,
city,Paris,geonames,http://sws.geonames.org/2988507,48.85341,2.3488,
city,Parkman,geonames,http://sws.geonames.org/6098596,49.71673,-101.90095,
city,Parma,geonames,http://sws.geonames.org/3171457,44.79935,10.32618,Parma
city,Parry Sound,geonames,http://sws.geonames.org/6098747,45.34732,-80.03527,
city,Pelham,geonames,http://sws.geonames.org/6100630,43.05012,-79.34959,
city,Pembina,geonames,http://sws.geonames.org/6100811,49.1672,-98.48689,
city,Pembroke,geonames,http://sws.geonames.org/6100832,45.81681,-77.11616,
city,Penetanguishene,geonames,http://sws.geonames.org/6100932,44.7834,-79.91637,
city,Peoria,geonames,http://sws.geonames.org/4905687,40.69365,-89.58899,
city,Petawawa,geonames,http://sws.geonames.org/6101606,45.89452,-77.28007,
city,Peterborough,geonames,http://sws.geonames.org/6101645,44.30012,-78.31623,
city,Petit-Berneval,geonames,http://sws.geonames.org/2987768,49.96541,1.19535,
city,Petrolia,geonames,http://sws.geonames.org/6103581,42.86678,-82.14981,
city,Petrozavodsk,geonames,http://sws.geonames.org/509820,61.78491,34.34691,Petrozavodsk
city,Philadelphia,geonames,http://sws.geonames.org/4560349,39.95233,-75.16379,
city,Phoenix,geonames,http://sws.geonames.org/5308655,33.44838,-112.07404,
city,Pic River Indian Reserve 50,geonames,http://sws.geonames.org/6104214,48.6168,-86.24991,Pic River Indian Reserve 50
city,Pickering,geonames,http://sws.geonames.org/6104111,43.90012,-79.13289,
city,Picton,geonames,http://sws.geonames.org/6104215,44.00176,-77.14637,
city,Pincher Creek,geonames,http://sws.geonames.org/11807312,49.49121,-113.94244,
city,Pine River,geonames,http://sws.geonames.org/6105214,51.78421,-100.53148,
city,Placentia,geonames,http://sws.geonames.org/6105892,47.2332,-53.96483,
city,Plum Coulee,geonames,http://sws.geonames.org/6106449,49.19109,-97.76133,
city,Plymouth,geonames,http://sws.geonames.org/2640194,50.37153,-4.14305,
city,Plympton-Wyoming,geonames,http://sws.geonames.org/6106526,43.01678,-82.09981,
city,Point Edward,geonames,http://sws.geonames.org/6107761,43.00008,-82.39983,
city,Port Burwell,geonames,http://sws.geonames.org/6111687,42.6476,-80.80075,Port Burwell
city,Port Colborne,geonames,http://sws.geonames.org/6111704,42.90012,-79.23288,
city,Port Dover,geonames,http://sws.geonames.org/6111731,42.7834,-80.19966,
city,Port Hope,geonames,http://sws.geonames.org/6111882,44.01682,-78.39953,
city,Port Perry,geonames,http://sws.geonames.org/6111986,44.10012,-78.94957,
city,Port Stanley,geonames,http://sws.geonames.org/6112027,42.66679,-81.21644,
city,Portage la Prairie,geonames,http://sws.geonames.org/6111529,49.97282,-98.29263,
city,Porvoo,geonames,http://sws.geonames.org/9610696,60.43829,25.69312,
city,Potsdam,geonames,http://sws.geonames.org/2852458,52.39886,13.06566,
city,Prescott,geonames,http://sws.geonames.org/6113027,44.71681,-75.51604,
city,Providence,geonames,http://sws.geonames.org/5224151,41.82399,-71.41283,
city,Puslinch,geonames,http://sws.geonames.org/6114430,43.4668,-80.16636,
city,Quebec City,geonames,http://sws.geonames.org/6325494,46.81228,-71.21454,
city,Quebec City,geonames,http://sws.geonames.org/6325494,46.81228,-71.21454,
city,Quinte West,geonames,http://sws.geonames.org/6115355,44.18342,-77.56618,
city,Racine,geonames,http://sws.geonames.org/5268249,42.72613,-87.78285,
city,Ravendale,geonames,http://sws.geonames.org/6117534,53.55009,-103.40091,
city,Red Lake,geonames,http://sws.geonames.org/6118417,51.01678,-93.82736,
city,Reesor Siding,geonames,http://sws.geonames.org/6118941,49.57244,-83.07901,
city,Regina,geonames,http://sws.geonames.org/6119109,50.45008,-104.6178,
city,Renfrew,geonames,http://sws.geonames.org/6119448,45.46681,-76.68272,
city,Resolute,geonames,http://sws.geonames.org/6121522,74.69736,-94.83062,Qausuittuq
city,Richmond Hill,geonames,http://sws.geonames.org/6122091,43.87111,-79.43725,
city,Rideau Lakes,geonames,http://sws.geonames.org/6122177,44.6726,-76.21714,
city,Riga,geonames,http://sws.geonames.org/456172,56.946,24.10589,
city,Rock Island,geonames,http://sws.geonames.org/4907907,41.50948,-90.57875,
city,Rome,geonames,http://sws.geonames.org/3169070,41.89193,12.51133,
city,Rose Prairie,geonames,http://sws.geonames.org/6127730,56.49988,-120.78626,
city,Rotterdam,geonames,http://sws.geonames.org/2747891,51.9225,4.47917,
city,Rottingdean,geonames,http://sws.geonames.org/2639069,50.80984,-0.05939,
city,Rouyn-Noranda,geonames,http://sws.geonames.org/6128577,48.23656,-79.02311,
city,Rutland,geonames,http://sws.geonames.org/5240509,43.61062,-72.97261,
city,Rycroft,geonames,http://sws.geonames.org/11807432,55.75739,-118.70647,
city,Sado,geonames,http://sws.geonames.org/6825492,38.02496,138.35931,
city,Saint Paul,geonames,http://sws.geonames.org/5045360,44.94441,-93.09327,St. Paul
city,Saint-Alexis-des-Monts,geonames,http://sws.geonames.org/6137361,46.46676,-73.13244,
city,Saint-Hyacinthe,geonames,http://sws.geonames.org/6138374,45.63076,-72.95699,
city,Saint-Laurent,geonames,http://sws.geonames.org/6138610,45.50008,-73.66585,
city,Saint-Michel-des-Saints,geonames,http://sws.geonames.org/6138802,46.67702,-73.91881,
city,Sainte-Agathe-des-Monts,geonames,http://sws.geonames.org/6137702,46.05009,-74.28252,
city,Sainte-Foy,geonames,http://sws.geonames.org/6325488,46.78139,-71.29217,
city,Salem,geonames,http://sws.geonames.org/4950065,42.51954,-70.89672,
city,San Francisco,geonames,http://sws.geonames.org/5391959,37.77493,-122.41942,
city,San Juan Capistrano,geonames,http://sws.geonames.org/5392229,33.50169,-117.66255,
city,San Salvador,geonames,http://sws.geonames.org/3583361,13.68935,-89.18718,
city,Sarnia,geonames,http://sws.geonames.org/6141190,42.97866,-82.40407,
city,Scarborough,geonames,http://sws.geonames.org/6948711,43.77223,-79.25666,
city,Scugog,geonames,http://sws.geonames.org/6142809,44.13342,-78.91627,
city,Seaforth,geonames,http://sws.geonames.org/6142917,43.55009,-81.39976,
city,Seattle,geonames,http://sws.geonames.org/5809844,47.60621,-122.33207,
city,Senneterre,geonames,http://sws.geonames.org/6144195,48.39302,-77.23951,
city,Seoul,geonames,http://sws.geonames.org/1835847,37.58333,127,
city,Sevenoaks,geonames,http://sws.geonames.org/2638187,51.27266,0.18883,
city,Shanghai,geonames,http://sws.geonames.org/1796236,31.22222,121.45806,
city,Shediac,geonames,http://sws.geonames.org/6145668,46.21981,-64.54107,
city,Shelburne,geonames,http://sws.geonames.org/6145890,44.0787,-80.20408,
city,Shelton,geonames,http://sws.geonames.org/4842898,41.31649,-73.09316,
city,Sherbrooke,geonames,http://sws.geonames.org/6146143,45.40008,-71.89908,
city,Shoal Lake,geonames,http://sws.geonames.org/6146808,50.47001,-100.57526,
city,Shorncliffe,geonames,http://sws.geonames.org/6147032,51.08281,-97.12736,
city,Shuswap,geonames,http://sws.geonames.org/6147259,50.53326,-116.01877,
city,Smiths Falls,geonames,http://sws.geonames.org/6150174,44.90452,-76.02333,
city,Sointula,geonames,http://sws.geonames.org/6151026,50.63079,-127.01775,
city,South Frontenac,geonames,http://sws.geonames.org/6152157,44.51682,-76.5161,
city,South Glengarry,geonames,http://sws.geonames.org/6152179,45.20009,-74.58256,
city,South Huron,geonames,http://sws.geonames.org/6152244,43.31679,-81.51647,
city,South Porcupine,geonames,http://sws.geonames.org/6152514,48.46686,-81.21651,
city,South-West Oxford,geonames,http://sws.geonames.org/6152928,43.00009,-80.79971,
city,Southampton,geonames,http://sws.geonames.org/10942253,44.49508,-81.37121,
city,Southgate,geonames,http://sws.geonames.org/6152164,44.0834,-80.583,
city,Southwest Middlesex,geonames,http://sws.geonames.org/6152925,42.75009,-81.71648,
city,Springhill,geonames,http://sws.geonames.org/6154202,45.65015,-64.04873,
city,Springwater,geonames,http://sws.geonames.org/6154299,44.49541,-79.85025,
city,St Louis,geonames,http://sws.geonames.org/4407066,38.62727,-90.19789,
city,St. Andrews,geonames,http://sws.geonames.org/6155131,50.25001,-97.00064,
city,St. Boniface,geonames,http://sws.geonames.org/6155708,49.86095,-97.06249,
city,St. Clair,geonames,http://sws.geonames.org/6155749,42.76678,-82.34982,
city,St. Isidore,geonames,http://sws.geonames.org/11696034,45.38534,-74.90603,
city,St. Jean Baptiste,geonames,http://sws.geonames.org/6156874,49.26559,-97.34037,
city,St. John,geonames,http://sws.geonames.org/6138517,45.27076,-66.05616,
city,St. Marys,geonames,http://sws.geonames.org/6157062,43.25009,-81.13304,
city,St. Thomas,geonames,http://sws.geonames.org/6158357,42.77361,-81.18038,
city,Stachelberg Bad,geonames,http://sws.geonames.org/2658520,46.92855,9.00141,
city,Stayner,geonames,http://sws.geonames.org/6155692,44.41833,-80.09598,
city,Ste-Geneviève,geonames,http://sws.geonames.org/6156095,49.74359,-96.52479,
city,Ste. Agathe,geonames,http://sws.geonames.org/6155814,49.56609,-97.18395,
city,Ste. Anne,geonames,http://sws.geonames.org/6155865,49.58329,-96.50059,
city,Stewart,geonames,http://sws.geonames.org/12031998,56.1378,-130.15496,
city,Stirling-Rawdon,geonames,http://sws.geonames.org/6156838,44.36682,-77.59949,
city,Stittsville,geonames,http://sws.geonames.org/6156855,45.2501,-75.91606,
city,Stockholm,geonames,http://sws.geonames.org/2673730,59.32938,18.06871,
city,Stone Mills,geonames,http://sws.geonames.org/6157316,44.45012,-76.93273,
city,Stouffville,geonames,http://sws.geonames.org/6157718,43.96682,-79.2496,
city,Strasbourg,geonames,http://sws.geonames.org/2973783,48.58392,7.74553,
city,Stratford,geonames,http://sws.geonames.org/6157977,43.36679,-80.94972,
city,Strathroy-Caradoc,geonames,http://sws.geonames.org/6158028,42.90009,-81.53307,
city,Sturgeon Lake 154,geonames,http://sws.geonames.org/6158598,55.05003,-117.46923,Sturgeon Lake Cree Nation
city,Sturgeon Point,geonames,http://sws.geonames.org/6158606,44.46991,-78.70347,
city,Stuttgart,geonames,http://sws.geonames.org/2825297,48.78232,9.17702,
city,Stuttgart,geonames,http://sws.geonames.org/2825297,48.78232,9.17702,
city,Sudbury,geonames,http://sws.geonames.org/5964700,46.49,-80.99001,
city,Sundridge,geonames,http://sws.geonames.org/6159476,45.7668,-79.39964,
city,Superior,geonames,http://sws.geonames.org/5275191,46.72077,-92.10408,
city,Sutton,geonames,http://sws.geonames.org/6160071,45.08338,-72.58241,
city,Suzhou,geonames,http://sws.geonames.org/1886760,31.30408,120.59538,
city,Suzhou,geonames,http://sws.geonames.org/1886760,31.30408,120.59538,Wuxian
city,Taber,geonames,http://sws.geonames.org/11807281,49.7962,-112.14496,
city,Taipei,geonames,http://sws.geonames.org/1668341,25.04776,121.53185,
city,Tampa,geonames,http://sws.geonames.org/4174757,27.94752,-82.45843,
city,Taschereau,geonames,http://sws.geonames.org/6161761,48.66242,-78.68485,
city,Tecumseh,geonames,http://sws.geonames.org/6162416,42.31678,-82.89983,
city,Thames Centre,geonames,http://sws.geonames.org/6163222,43.06679,-81.11643,
city,Thatcher,geonames,http://sws.geonames.org/5317170,32.84923,-109.75925,
city,The Hague,geonames,http://sws.geonames.org/2747373,52.07667,4.29861,
city,Thedford,geonames,http://sws.geonames.org/6163684,43.16537,-81.85467,
city,Thessalon,geonames,http://sws.geonames.org/6164831,46.25006,-83.5666,
city,Thornhill,geonames,http://sws.geonames.org/6165683,43.80011,-79.4163,
city,Thorold,geonames,http://sws.geonames.org/6165719,43.11682,-79.19958,
city,Thunder Bay,geonames,http://sws.geonames.org/6166142,48.38202,-89.25018,
city,Timmins,geonames,http://sws.geonames.org/6166739,48.46686,-81.33312,
city,Toledo,geonames,http://sws.geonames.org/5174035,41.66394,-83.55521,
city,Tomiko,geonames,http://sws.geonames.org/6167421,46.5668,-79.41633,
city,Toronto,geonames,http://sws.geonames.org/6167865,43.70011,-79.4163,
city,Tottenham,geonames,http://sws.geonames.org/6167983,44.02437,-79.80553,
city,Tours,geonames,http://sws.geonames.org/2972191,47.39484,0.70398,
city,Township of Selwyn,geonames,http://sws.geonames.org/6149993,44.40374,-78.33887,
city,Treesbank,geonames,http://sws.geonames.org/6168682,49.63612,-99.61024,
city,Trenton,geonames,http://sws.geonames.org/6168768,44.09917,-77.57755,
city,Trois-Rivières,geonames,http://sws.geonames.org/6169141,46.34515,-72.5477,
city,Tsuu T'ina Nation 145,geonames,http://sws.geonames.org/6169844,50.97789,-114.33811,
city,Tweed,geonames,http://sws.geonames.org/6170799,44.47512,-77.31616,
city,Uppsala,geonames,http://sws.geonames.org/2666199,59.85882,17.63889,
city,Uxbridge,geonames,http://sws.geonames.org/6172933,44.13342,-79.18289,
city,Valencia,geonames,http://sws.geonames.org/5405288,34.44361,-118.60953,
city,Vancouver,geonames,http://sws.geonames.org/6173331,49.24966,-123.11934,
city,Vankleek Hill,geonames,http://sws.geonames.org/6173412,45.51679,-74.64926,
city,Vaughan,geonames,http://sws.geonames.org/6173577,43.8361,-79.49827,
city,Vernon,geonames,http://sws.geonames.org/6173865,50.0261,-126.36157,
city,Versailles,geonames,http://sws.geonames.org/2969679,48.80359,2.13424,
city,Victoria,geonames,http://sws.geonames.org/6174041,48.4359,-123.35155,
city,Victoriaville,geonames,http://sws.geonames.org/6174151,46.05007,-71.96579,
city,Vienna,geonames,http://sws.geonames.org/2761367,48.2082,16.37169,
city,Virden,geonames,http://sws.geonames.org/6174457,49.8508,-100.93262,
city,Wainfleet,geonames,http://sws.geonames.org/6175053,42.91682,-79.36629,
city,Walkerton,geonames,http://sws.geonames.org/6694299,44.13023,-81.15309,
city,Warburg,geonames,http://sws.geonames.org/11807301,53.18518,-114.31874,
city,Warwick,geonames,http://sws.geonames.org/6176398,43.01678,-81.89979,
city,"Washington, D.C.",geonames,http://sws.geonames.org/4138106,38.91706,-77.00025,
city,Waterdown,geonames,http://sws.geonames.org/6176722,43.33341,-79.88293,
city,Waterford,geonames,http://sws.geonames.org/6176751,42.9334,-80.28296,
city,Waterloo,geonames,http://sws.geonames.org/6176823,43.4668,-80.51639,
city,Watino,geonames,http://sws.geonames.org/6176914,55.71677,-117.61936,
city,Welland,geonames,http://sws.geonames.org/6177869,42.98342,-79.24958,
city,West Lincoln,geonames,http://sws.geonames.org/6179126,43.10011,-79.56631,
city,Westminster,geonames,http://sws.geonames.org/2634341,51.4975,-0.1357,
city,Westree,geonames,http://sws.geonames.org/6179387,47.41679,-81.54975,
city,Whapmagoostui,geonames,http://sws.geonames.org/6179836,55.2503,-77.74951,
city,Wheatley,geonames,http://sws.geonames.org/6179873,42.10009,-82.4498,
city,Whitby,geonames,http://sws.geonames.org/6180170,43.88342,-78.93287,
city,Whitchurch,geonames,http://sws.geonames.org/6180175,44.00011,-79.3663,
city,Whitchurch-Stouffville,geonames,http://sws.geonames.org/6180176,44.00012,-79.3163,
city,White River,geonames,http://sws.geonames.org/6696813,48.5916,-85.27768,
city,Whitla,geonames,http://sws.geonames.org/6181245,49.86676,-111.05168,
city,Wiarton,geonames,http://sws.geonames.org/8556287,44.74186,-81.13961,
city,Winchester,geonames,http://sws.geonames.org/6182823,45.0834,-75.34933,
city,Windermere,geonames,http://sws.geonames.org/6182850,45.16599,-79.55135,
city,Windsor,geonames,http://sws.geonames.org/6182962,42.30008,-83.01654,
city,Wingham,geonames,http://sws.geonames.org/6183141,43.88793,-81.31145,
city,Winnetka,geonames,http://sws.geonames.org/4916891,42.10808,-87.7359,
city,Winnipeg,geonames,http://sws.geonames.org/6183235,49.8844,-97.14704,
city,Winnipegosis,geonames,http://sws.geonames.org/6183238,51.64861,-99.92664,
city,Witley,geonames,http://sws.geonames.org/7292638,51.14474,-0.6667,
city,Woburn Abbey,geonames,http://sws.geonames.org/6946892,51.9829,-0.59481,
city,Wollaston,geonames,http://sws.geonames.org/6183867,44.95013,-77.8328,
city,Woodbridge,geonames,http://sws.geonames.org/6184009,43.78341,-79.59962,
city,Woodstock,geonames,http://sws.geonames.org/6184365,43.13339,-80.7497,
city,Wooster,geonames,http://sws.geonames.org/5177358,40.80517,-81.93646,
city,Worcester,geonames,http://sws.geonames.org/4956184,42.26259,-71.80229,
city,Worthing,geonames,http://sws.geonames.org/2633521,50.81795,-0.37538,
city,Wuchang,geonames,http://sws.geonames.org/1791351,30.53333,114.3,
city,Yangon,geonames,http://sws.geonames.org/1298824,16.80528,96.15611,
city,Yangon,geonames,http://sws.geonames.org/1298824,16.80528,96.15611,
city,Yangzhou,geonames,http://sws.geonames.org/1787227,32.39722,119.43583,
city,Yarker,geonames,http://sws.geonames.org/6185213,44.38342,-76.76612,
city,Yellowknife,geonames,http://sws.geonames.org/6185377,62.45411,-114.37248,
city,York,Geonames,http://sws.geonames.org/8449503,43.69642,-79.45055,
city,Zorra,geonames,http://sws.geonames.org/6186174,43.11679,-80.89972,
city,Zurich,geonames,http://sws.geonames.org/2657896,47.36667,8.55,
